{
	"credit": "Made with Blockbench",
	"parent": "minecraft:item/handheld",
	"textures": {
		"layer0": "item/custom/scythe"
	},
	"display": {
		"thirdperson_righthand": {
			"rotation": [0, -79, 45],
			"translation": [0, 3, 1.5],
			"scale": [1.5, 1.5, 1.5]
		},
		"thirdperson_lefthand": {
			"rotation": [0, 99, -45],
			"translation": [0, 3, 1.5],
			"scale": [1.5, 1.5, 1.5]
		},
		"firstperson_righthand": {
			"rotation": [0, -75, 30],
			"translation": [1.13, 4.2, 1.13],
			"scale": [1.3, 1.3, 1.3]
		},
		"firstperson_lefthand": {
			"rotation": [0, 105, -30],
			"translation": [1.13, 4.2, 1.13],
			"scale": [1.3, 1.3, 1.3]
		},
		"ground": {
			"translation": [0, 3, 0]
		}
	}
}