{
	"credit": "Made with Blockbench",
	"parent": "minecraft:item/handheld",
	"textures": {
		"layer0": "item/custom/netherite_sword"
	},
	"display": {
		"thirdperson_righthand": {
			"rotation": [0, -90, 50],
			"translation": [0, 6, 1],
			"scale": [0.9, 0.9, 0.9]
		},
		"thirdperson_lefthand": {
			"rotation": [0, 90, -50],
			"translation": [0, 6, 1],
			"scale": [0.9, 0.9, 0.9]
		},
		"firstperson_righthand": {
			"rotation": [0, -90, 30],
			"translation": [1.13, 3.2, 1.13],
			"scale": [0.85, 0.85, 0.85]
		},
		"firstperson_lefthand": {
			"rotation": [0, 90, -30],
			"translation": [1.13, 3.2, 1.13],
			"scale": [0.85, 0.85, 0.85]
		},
		"ground": {
			"translation": [0, 6, 0]
		}
	}
}