{
	"credit": "Made with Blockbench",
	"parent": "minecraft:item/handheld",
	"textures": {
		"layer0": "item/custom/scythe"
	},
	"display": {
		"thirdperson_righthand": {
			"rotation": [0, -55, 45],
			"translation": [0, 4, 1.5],
			"scale": [1.2, 1.2, 1.2]
		},
		"thirdperson_lefthand": {
			"rotation": [0, 125, -45],
			"translation": [0, 4, 1.5],
			"scale": [1.2, 1.2, 1.2]
		},
		"firstperson_righthand": {
			"rotation": [0, -75, 30],
			"translation": [1.13, 4.2, 1.13]
		},
		"firstperson_lefthand": {
			"rotation": [0, 105, -30],
			"translation": [1.13, 4.2, 1.13]
		},
		"ground": {
			"translation": [0, 3, 0]
		}
	}
}